-- MySQL dump 10.13  Distrib 5.6.24, for Win64 (x86_64)
--
-- Host: localhost    Database: books
-- ------------------------------------------------------
-- Server version	5.6.27-log

/*!40101 SET @OLD_CHARACTER_SET_CLIENT=@@CHARACTER_SET_CLIENT */;
/*!40101 SET @OLD_CHARACTER_SET_RESULTS=@@CHARACTER_SET_RESULTS */;
/*!40101 SET @OLD_COLLATION_CONNECTION=@@COLLATION_CONNECTION */;
/*!40101 SET NAMES utf8 */;
/*!40103 SET @OLD_TIME_ZONE=@@TIME_ZONE */;
/*!40103 SET TIME_ZONE='+00:00' */;
/*!40014 SET @OLD_UNIQUE_CHECKS=@@UNIQUE_CHECKS, UNIQUE_CHECKS=0 */;
/*!40014 SET @OLD_FOREIGN_KEY_CHECKS=@@FOREIGN_KEY_CHECKS, FOREIGN_KEY_CHECKS=0 */;
/*!40101 SET @OLD_SQL_MODE=@@SQL_MODE, SQL_MODE='NO_AUTO_VALUE_ON_ZERO' */;
/*!40111 SET @OLD_SQL_NOTES=@@SQL_NOTES, SQL_NOTES=0 */;

--
-- Table structure for table `books`
--

DROP TABLE IF EXISTS `books`;
/*!40101 SET @saved_cs_client     = @@character_set_client */;
/*!40101 SET character_set_client = utf8 */;
CREATE TABLE `books` (
  `id` int(10) unsigned NOT NULL AUTO_INCREMENT,
  `title` varchar(255) COLLATE utf8_unicode_ci NOT NULL,
  `width` int(10) unsigned NOT NULL,
  `height` int(10) unsigned NOT NULL,
  `depth` int(10) unsigned NOT NULL,
  `shelf_id` int(10) unsigned DEFAULT NULL,
  `created_at` timestamp NULL DEFAULT NULL,
  `updated_at` timestamp NULL DEFAULT NULL,
  PRIMARY KEY (`id`),
  KEY `books_shelf_id_foreign` (`shelf_id`),
  CONSTRAINT `books_shelf_id_foreign` FOREIGN KEY (`shelf_id`) REFERENCES `shelves` (`id`) ON DELETE SET NULL
) ENGINE=InnoDB AUTO_INCREMENT=101 DEFAULT CHARSET=utf8 COLLATE=utf8_unicode_ci;
/*!40101 SET character_set_client = @saved_cs_client */;

--
-- Dumping data for table `books`
--

LOCK TABLES `books` WRITE;
/*!40000 ALTER TABLE `books` DISABLE KEYS */;
INSERT INTO `books` VALUES (1,'«Властелин колец» — Джон Р. Р. Толкин ',107,177,14,NULL,'2016-11-19 05:55:51','2016-11-19 05:55:51'),(2,'«Гордость и предубеждение» — Джейн Остин',107,165,71,NULL,'2016-11-19 05:55:51','2016-11-19 05:55:51'),(3,'«Тёмные начала» — Филип Пулман',170,240,49,NULL,'2016-11-19 05:55:51','2016-11-19 05:55:51'),(4,'«Автостопом по галактике» — Дуглас Адамс',170,215,57,NULL,'2016-11-19 05:55:51','2016-11-19 05:55:51'),(5,'«Гарри Поттер и Кубок огня» — Джоан Роулинг',170,215,60,NULL,'2016-11-19 05:55:51','2016-11-19 05:55:51'),(6,'«Убить пересмешника» — Харпер Ли',107,165,29,NULL,'2016-11-19 05:55:51','2016-11-19 05:55:51'),(7,'«Винни Пух» — Алан Александр Милн',130,200,10,NULL,'2016-11-19 05:55:51','2016-11-19 05:55:51'),(8,'«1984» — Джордж Оруэлл',130,200,24,NULL,'2016-11-19 05:55:51','2016-11-19 05:55:51'),(9,'«Лев, колдунья и платяной шкаф» — Клайв Стэйплз Льюис',100,140,68,NULL,'2016-11-19 05:55:51','2016-11-19 05:55:51'),(10,'«Джейн Эйр» — Шарлотта Бронте',145,200,58,NULL,'2016-11-19 05:55:51','2016-11-19 06:47:52'),(11,'«Уловка-22» — Джозеф Хеллер',130,200,50,NULL,'2016-11-19 05:55:51','2016-11-19 05:55:51'),(12,'«Грозовой перевал» — Эмили Бронте',130,200,61,NULL,'2016-11-19 05:55:51','2016-11-19 06:48:06'),(13,'«Пение птиц» — Себастьян Фолкс',130,200,53,NULL,'2016-11-19 05:55:51','2016-11-19 05:55:51'),(14,'«Ребекка» — Дафна Дюморье',145,200,74,NULL,'2016-11-19 05:55:51','2016-11-19 06:48:12'),(15,'«Над пропастью во ржи» — Джером Сэлинджер',107,177,37,NULL,'2016-11-19 05:55:51','2016-11-19 05:55:51'),(16,'«Ветер в ивах» — Кеннет Грэм',145,215,36,NULL,'2016-11-19 05:55:51','2016-11-19 05:55:51'),(17,'«Большие надежды» — Чарльз Диккенс',145,200,33,NULL,'2016-11-19 05:55:51','2016-11-19 05:55:51'),(18,'«Маленькие женщины» — Луиза Мэй Олкотт',100,140,77,NULL,'2016-11-19 05:55:51','2016-11-19 05:55:51'),(19,'«Мандолина капитана Корелли» — Луи де Берньер',130,200,19,NULL,'2016-11-19 05:55:51','2016-11-19 05:55:51'),(20,'«Война и мир» — Лев Толстой',170,240,28,NULL,'2016-11-19 05:55:51','2016-11-19 05:55:51'),(21,'«Унесённые ветром» — Маргарет Митчелл',107,177,73,NULL,'2016-11-19 05:55:51','2016-11-19 06:09:14'),(22,'«Гарри Поттер и философский камень» — Джоан Роулинг',107,177,41,NULL,'2016-11-19 05:55:51','2016-11-19 05:55:51'),(23,'«Гарри Поттер и Тайная комната» — Джоан Роулинг',120,165,48,NULL,'2016-11-19 05:55:51','2016-11-19 05:55:51'),(24,'«Гарри Поттер и узник Азкабана» — Джоан Роулинг',120,165,30,NULL,'2016-11-19 05:55:51','2016-11-19 05:55:51'),(25,'«Поющие в терновнике» — Колин Маккалоу',170,240,31,NULL,'2016-11-19 05:55:51','2016-11-19 05:55:51'),(26,'«Тэсс из рода д’Эрбервиллей» — Томас Харди',100,140,65,NULL,'2016-11-19 05:55:51','2016-11-19 05:55:51'),(27,'«Миддлмарч» — Джордж Элиот',130,200,47,NULL,'2016-11-19 05:55:51','2016-11-19 05:55:51'),(28,'«Гроздья гнева» — Джон Стейнбек',130,200,45,NULL,'2016-11-19 05:55:51','2016-11-19 05:55:51'),(29,'«Алиса в Стране чудес» — Льюис Кэрролл',170,240,50,NULL,'2016-11-19 05:55:51','2016-11-19 05:55:51'),(30,'«Дневник Трейси Бикер» — Жаклин Уилсон',145,200,74,NULL,'2016-11-19 05:55:51','2016-11-19 05:55:51'),(31,'«Сто лет одиночества» — Габриэль Гарсиа Маркес',120,165,14,NULL,'2016-11-19 05:55:51','2016-11-19 05:55:51'),(32,'«Столпы Земли» — Кен Фоллетт',170,215,25,NULL,'2016-11-19 05:55:51','2016-11-19 05:55:51'),(33,'«Дэвид Копперфильд» — Чарльз Диккенс',130,200,35,NULL,'2016-11-19 05:55:51','2016-11-19 05:55:51'),(34,'«Молитва об Оуэне Мини» — Джон Ирвинг',100,140,56,NULL,'2016-11-19 05:55:51','2016-11-19 05:55:51'),(35,'«Чарли и шоколадная фабрика» — Роальд Даль',145,215,43,NULL,'2016-11-19 05:55:51','2016-11-19 06:09:08'),(36,'«Остров сокровищ» — Роберт Стивенсон',170,215,64,NULL,'2016-11-19 05:55:51','2016-11-19 05:55:51'),(37,'«Город как Элис» — Невил Шют',145,200,21,NULL,'2016-11-19 05:55:51','2016-11-19 06:44:31'),(38,'«Доводы рассудка» — Джейн Остин',130,200,65,11,'2016-11-19 05:55:51','2016-11-19 06:45:50'),(39,'«Дюна» — Фрэнк Герберт',170,215,51,NULL,'2016-11-19 05:55:51','2016-11-19 05:55:51'),(40,'«Эмма» — Джейн Остин',100,140,57,NULL,'2016-11-19 05:55:51','2016-11-19 05:55:51'),(41,'«Аня из Зеленых Мезонинов» — Люси Мод Монтгомери',100,140,24,NULL,'2016-11-19 05:55:51','2016-11-19 05:55:51'),(42,'«Обитатели холмов» — Ричард Адамс',145,215,51,NULL,'2016-11-19 05:55:51','2016-11-19 05:55:51'),(43,'«Великий Гэтсби» — Фрэнсис Скотт Фицджеральд',100,140,30,NULL,'2016-11-19 05:55:51','2016-11-19 05:55:51'),(44,'«Возвращение в Брайдсхед» — Ивлин Во',107,177,60,NULL,'2016-11-19 05:55:51','2016-11-19 05:55:51'),(45,'«Граф Монте-Кристо» — Александр Дюма',145,200,68,NULL,'2016-11-19 05:55:51','2016-11-19 05:55:51'),(46,'«Скотный двор» — Джордж Оруэлл',107,177,19,NULL,'2016-11-19 05:55:51','2016-11-19 05:55:51'),(47,'«Рождественская песнь» — Чарльз Диккенс',100,140,73,NULL,'2016-11-19 05:55:51','2016-11-19 05:55:51'),(48,'«Вдали от обезумевшей толпы» — Томас Харди',170,215,42,NULL,'2016-11-19 05:55:51','2016-11-19 05:55:51'),(49,'«Спокойной ночи, мистер Том» — Мишель Магориан',120,165,58,NULL,'2016-11-19 05:55:51','2016-11-19 06:50:00'),(50,'«Семейная реликвия» — Розамунд Пилчер',170,215,23,NULL,'2016-11-19 05:55:51','2016-11-19 05:55:51'),(51,'«Таинственный сад» — Фрэнсис Бернетт',107,165,10,NULL,'2016-11-19 05:55:51','2016-11-19 05:55:51'),(52,'«О мышах и людях» — Джон Стейнбек',145,200,39,NULL,'2016-11-19 05:55:51','2016-11-19 05:55:51'),(53,'«Анна Каренина» — Лев Толстой',100,140,39,NULL,'2016-11-19 05:55:51','2016-11-19 05:55:51'),(54,'«Противостояние» — Стивен Кинг',145,200,59,NULL,'2016-11-19 05:55:51','2016-11-19 05:55:51'),(55,'«Подходящий жених» — Викрам Сет',145,215,13,NULL,'2016-11-19 05:55:51','2016-11-19 05:55:51'),(56,'«БДВ, или Большой и добрый великан» — Роальд Даль',170,240,74,NULL,'2016-11-19 05:55:51','2016-11-19 05:55:51'),(57,'«Ласточки и амазонки» — Артур Рэнсом',170,215,80,NULL,'2016-11-19 05:55:51','2016-11-19 05:55:51'),(58,'«Чёрный красавчик» — Анна Сьюэлл',120,165,72,NULL,'2016-11-19 05:55:51','2016-11-19 06:13:47'),(59,'«Артемис Фаул» — Йон Колфер',170,215,43,NULL,'2016-11-19 05:55:51','2016-11-19 05:55:51'),(60,'«Крестики-нолики» — Мэлори Блэкмен',120,165,43,NULL,'2016-11-19 05:55:51','2016-11-19 05:55:51'),(61,'«Мемуары гейши» — Артур Голден',130,200,59,11,'2016-11-19 05:55:51','2016-11-19 06:47:19'),(62,'«Повесть о двух городах» — Чарльз Диккенс',170,215,13,NULL,'2016-11-19 05:55:51','2016-11-19 05:55:51'),(63,'«Мор, ученик Смерти» — Терри Пратчетт',170,240,45,NULL,'2016-11-19 05:55:51','2016-11-19 05:55:51'),(64,'«Преступление и наказание» — Федор Достоевский',100,140,77,NULL,'2016-11-19 05:55:51','2016-11-19 06:13:27'),(65,'«Далекое волшебное дерево» — Энид Блайтон',170,240,61,NULL,'2016-11-19 05:55:51','2016-11-19 05:55:51'),(66,'«Хоббит, или Туда и обратно» — Джон Р. Р. Толкин',107,177,75,NULL,'2016-11-19 05:55:51','2016-11-19 06:44:43'),(67,'«Волхв» — Джон Фаулз',170,240,48,NULL,'2016-11-19 05:55:51','2016-11-19 05:55:51'),(68,'«Благие знамения» — Терри Пратчетт и Нил Гейман',100,140,20,NULL,'2016-11-19 05:55:51','2016-11-19 05:55:51'),(69,'«Стража! Стража!» — Терри Пратчетт',120,165,39,NULL,'2016-11-19 05:55:51','2016-11-19 05:55:51'),(70,'«Повелитель мух» — Уильям Голдинг',107,177,60,NULL,'2016-11-19 05:55:51','2016-11-19 05:55:51'),(71,'«Парфюмер» — Патрик Зюскинд',170,240,26,NULL,'2016-11-19 05:55:51','2016-11-19 05:55:51'),(72,'«Филантропы в рваных штанах» — Роберт Тресселл',120,165,25,NULL,'2016-11-19 05:55:51','2016-11-19 05:55:51'),(73,'«Ночная стража» — Терри Пратчетт',170,240,14,NULL,'2016-11-19 05:55:51','2016-11-19 05:55:51'),(74,'«Матильда» — Роальд Даль',120,165,54,NULL,'2016-11-19 05:55:51','2016-11-19 05:55:51'),(75,'«Дневник Бриджит Джонс» — Хелен Филдинг',130,200,17,NULL,'2016-11-19 05:55:51','2016-11-19 06:50:16'),(76,'«Тайная история» — Донна Тартт',170,240,46,NULL,'2016-11-19 05:55:51','2016-11-19 05:55:51'),(77,'«Женщина в белом» — Уильям Уилки Коллинз',145,215,40,NULL,'2016-11-19 05:55:51','2016-11-19 05:55:51'),(78,'«Улисс» — Джеймс Джойс',170,240,28,NULL,'2016-11-19 05:55:51','2016-11-19 05:55:51'),(79,'«Холодный дом» — Чарльз Диккенс',145,215,71,NULL,'2016-11-19 05:55:51','2016-11-19 06:50:08'),(80,'«Двойняшки» — Жаклин Уилсон',170,240,26,NULL,'2016-11-19 05:55:51','2016-11-19 05:55:51'),(81,'«Семейство Твит» — Роальд Даль',145,215,69,11,'2016-11-19 05:55:51','2016-11-19 06:47:32'),(82,'«Я захватываю замок» — Доди Смит',145,200,37,NULL,'2016-11-19 05:55:51','2016-11-19 05:55:51'),(83,'«Ямы» — Луис Сейкер',170,215,32,NULL,'2016-11-19 05:55:51','2016-11-19 05:55:51'),(84,'«Бог мелочей» — Арундати Рой',145,215,48,11,'2016-11-19 05:55:51','2016-11-19 06:47:47'),(85,'«Горменгаст» — Мервин Пик',170,240,70,NULL,'2016-11-19 05:55:51','2016-11-19 05:55:51'),(86,'«Вики-Ангел» — Жаклин Уилсон',170,240,45,NULL,'2016-11-19 05:55:51','2016-11-19 05:55:51'),(87,'«О дивный новый мир» — Олдос Хаксли',145,200,69,NULL,'2016-11-19 05:55:51','2016-11-19 06:06:23'),(88,'«Неуютная ферма» — Стелла Гиббонс',145,200,42,NULL,'2016-11-19 05:55:51','2016-11-19 05:55:51'),(89,'«Чародей» — Раймонд Фэйст',107,165,59,NULL,'2016-11-19 05:55:51','2016-11-19 05:55:51'),(90,'«В дороге» — Джек Керуак',170,215,74,NULL,'2016-11-19 05:55:51','2016-11-19 05:55:51'),(91,'«Крестный отец» — Марио Пьюзо',170,215,53,NULL,'2016-11-19 05:55:51','2016-11-19 05:55:51'),(92,'«Клан пещерного медведя» — Джин Ауэл',170,240,27,NULL,'2016-11-19 05:55:51','2016-11-19 05:55:51'),(93,'«Цвет волшебства» — Терри Пратчетт',107,165,21,NULL,'2016-11-19 05:55:51','2016-11-19 05:55:51'),(94,'«Алхимик» — Пауло Коэльо',120,165,47,NULL,'2016-11-19 05:55:51','2016-11-19 05:55:51'),(95,'«Кэтрин» — Аня Сетон',107,165,39,NULL,'2016-11-19 05:55:51','2016-11-19 05:55:51'),(96,'«Каин и Авель» — Джеффри Арчер',120,165,45,NULL,'2016-11-19 05:55:51','2016-11-19 05:55:51'),(97,'«Любовь во время холеры» — Габриэль Гарсиа Маркес',145,200,27,NULL,'2016-11-19 05:55:51','2016-11-19 05:55:51'),(98,'«Девчонки в поисках любви» — Жаклин Уилсон',145,200,27,NULL,'2016-11-19 05:55:51','2016-11-19 05:55:51'),(99,'«Дневники принцессы» — Мэг Кэбот',170,240,78,NULL,'2016-11-19 05:55:51','2016-11-19 05:55:51'),(100,'«Дети полуночи» — Салман Рушди',170,240,68,NULL,'2016-11-19 05:55:51','2016-11-19 05:55:51');
/*!40000 ALTER TABLE `books` ENABLE KEYS */;
UNLOCK TABLES;

--
-- Table structure for table `migrations`
--

DROP TABLE IF EXISTS `migrations`;
/*!40101 SET @saved_cs_client     = @@character_set_client */;
/*!40101 SET character_set_client = utf8 */;
CREATE TABLE `migrations` (
  `migration` varchar(255) COLLATE utf8_unicode_ci NOT NULL,
  `batch` int(11) NOT NULL
) ENGINE=InnoDB DEFAULT CHARSET=utf8 COLLATE=utf8_unicode_ci;
/*!40101 SET character_set_client = @saved_cs_client */;

--
-- Dumping data for table `migrations`
--

LOCK TABLES `migrations` WRITE;
/*!40000 ALTER TABLE `migrations` DISABLE KEYS */;
INSERT INTO `migrations` VALUES ('2014_10_12_000000_create_users_table',1),('2014_10_12_100000_create_password_resets_table',1),('2016_11_17_134013_create_racks',1),('2016_11_17_134150_create_shelves',1),('2016_11_17_134422_create_books',1);
/*!40000 ALTER TABLE `migrations` ENABLE KEYS */;
UNLOCK TABLES;

--
-- Table structure for table `password_resets`
--

DROP TABLE IF EXISTS `password_resets`;
/*!40101 SET @saved_cs_client     = @@character_set_client */;
/*!40101 SET character_set_client = utf8 */;
CREATE TABLE `password_resets` (
  `email` varchar(255) COLLATE utf8_unicode_ci NOT NULL,
  `token` varchar(255) COLLATE utf8_unicode_ci NOT NULL,
  `created_at` timestamp NOT NULL DEFAULT CURRENT_TIMESTAMP ON UPDATE CURRENT_TIMESTAMP,
  KEY `password_resets_email_index` (`email`),
  KEY `password_resets_token_index` (`token`)
) ENGINE=InnoDB DEFAULT CHARSET=utf8 COLLATE=utf8_unicode_ci;
/*!40101 SET character_set_client = @saved_cs_client */;

--
-- Dumping data for table `password_resets`
--

LOCK TABLES `password_resets` WRITE;
/*!40000 ALTER TABLE `password_resets` DISABLE KEYS */;
/*!40000 ALTER TABLE `password_resets` ENABLE KEYS */;
UNLOCK TABLES;

--
-- Table structure for table `racks`
--

DROP TABLE IF EXISTS `racks`;
/*!40101 SET @saved_cs_client     = @@character_set_client */;
/*!40101 SET character_set_client = utf8 */;
CREATE TABLE `racks` (
  `id` int(10) unsigned NOT NULL AUTO_INCREMENT,
  `title` varchar(255) COLLATE utf8_unicode_ci NOT NULL,
  `created_at` timestamp NULL DEFAULT NULL,
  `updated_at` timestamp NULL DEFAULT NULL,
  PRIMARY KEY (`id`)
) ENGINE=InnoDB AUTO_INCREMENT=4 DEFAULT CHARSET=utf8 COLLATE=utf8_unicode_ci;
/*!40101 SET character_set_client = @saved_cs_client */;

--
-- Dumping data for table `racks`
--

LOCK TABLES `racks` WRITE;
/*!40000 ALTER TABLE `racks` DISABLE KEYS */;
INSERT INTO `racks` VALUES (1,'Стеллаж №1','2016-11-19 05:55:51','2016-11-19 05:55:51'),(2,'Стеллаж №2','2016-11-19 05:55:51','2016-11-19 05:55:51'),(3,'Стеллаж №3','2016-11-19 05:55:51','2016-11-19 05:55:51');
/*!40000 ALTER TABLE `racks` ENABLE KEYS */;
UNLOCK TABLES;

--
-- Table structure for table `shelves`
--

DROP TABLE IF EXISTS `shelves`;
/*!40101 SET @saved_cs_client     = @@character_set_client */;
/*!40101 SET character_set_client = utf8 */;
CREATE TABLE `shelves` (
  `id` int(10) unsigned NOT NULL AUTO_INCREMENT,
  `rack_id` int(10) unsigned NOT NULL,
  `width` int(10) unsigned NOT NULL,
  `height` int(10) unsigned NOT NULL,
  `depth` int(10) unsigned NOT NULL,
  `created_at` timestamp NULL DEFAULT NULL,
  `updated_at` timestamp NULL DEFAULT NULL,
  PRIMARY KEY (`id`),
  KEY `shelves_rack_id_foreign` (`rack_id`),
  CONSTRAINT `shelves_rack_id_foreign` FOREIGN KEY (`rack_id`) REFERENCES `racks` (`id`) ON DELETE CASCADE
) ENGINE=InnoDB AUTO_INCREMENT=16 DEFAULT CHARSET=utf8 COLLATE=utf8_unicode_ci;
/*!40101 SET character_set_client = @saved_cs_client */;

--
-- Dumping data for table `shelves`
--

LOCK TABLES `shelves` WRITE;
/*!40000 ALTER TABLE `shelves` DISABLE KEYS */;
INSERT INTO `shelves` VALUES (1,1,400,300,150,'2016-11-19 05:55:51','2016-11-19 05:55:51'),(2,1,400,300,150,'2016-11-19 05:55:51','2016-11-19 05:55:51'),(3,1,400,210,150,'2016-11-19 05:55:51','2016-11-19 05:55:51'),(4,1,400,300,150,'2016-11-19 05:55:51','2016-11-19 05:55:51'),(5,1,400,300,150,'2016-11-19 05:55:51','2016-11-19 05:55:51'),(6,2,400,210,150,'2016-11-19 05:55:51','2016-11-19 05:55:51'),(7,2,400,300,150,'2016-11-19 05:55:51','2016-11-19 05:55:51'),(8,2,400,300,150,'2016-11-19 05:55:51','2016-11-19 05:55:51'),(9,2,400,210,150,'2016-11-19 05:55:51','2016-11-19 05:55:51'),(10,2,400,300,150,'2016-11-19 05:55:51','2016-11-19 05:55:51'),(11,3,400,300,150,'2016-11-19 05:55:51','2016-11-19 05:55:51'),(12,3,400,210,150,'2016-11-19 05:55:51','2016-11-19 05:55:51'),(13,3,400,300,150,'2016-11-19 05:55:51','2016-11-19 05:55:51'),(14,3,400,300,150,'2016-11-19 05:55:51','2016-11-19 05:55:51'),(15,3,400,300,150,'2016-11-19 05:55:51','2016-11-19 05:55:51');
/*!40000 ALTER TABLE `shelves` ENABLE KEYS */;
UNLOCK TABLES;

--
-- Table structure for table `users`
--

DROP TABLE IF EXISTS `users`;
/*!40101 SET @saved_cs_client     = @@character_set_client */;
/*!40101 SET character_set_client = utf8 */;
CREATE TABLE `users` (
  `id` int(10) unsigned NOT NULL AUTO_INCREMENT,
  `name` varchar(255) COLLATE utf8_unicode_ci NOT NULL,
  `email` varchar(255) COLLATE utf8_unicode_ci NOT NULL,
  `password` varchar(255) COLLATE utf8_unicode_ci NOT NULL,
  `remember_token` varchar(100) COLLATE utf8_unicode_ci DEFAULT NULL,
  `created_at` timestamp NULL DEFAULT NULL,
  `updated_at` timestamp NULL DEFAULT NULL,
  PRIMARY KEY (`id`),
  UNIQUE KEY `users_email_unique` (`email`)
) ENGINE=InnoDB DEFAULT CHARSET=utf8 COLLATE=utf8_unicode_ci;
/*!40101 SET character_set_client = @saved_cs_client */;

--
-- Dumping data for table `users`
--

LOCK TABLES `users` WRITE;
/*!40000 ALTER TABLE `users` DISABLE KEYS */;
/*!40000 ALTER TABLE `users` ENABLE KEYS */;
UNLOCK TABLES;
/*!40103 SET TIME_ZONE=@OLD_TIME_ZONE */;

/*!40101 SET SQL_MODE=@OLD_SQL_MODE */;
/*!40014 SET FOREIGN_KEY_CHECKS=@OLD_FOREIGN_KEY_CHECKS */;
/*!40014 SET UNIQUE_CHECKS=@OLD_UNIQUE_CHECKS */;
/*!40101 SET CHARACTER_SET_CLIENT=@OLD_CHARACTER_SET_CLIENT */;
/*!40101 SET CHARACTER_SET_RESULTS=@OLD_CHARACTER_SET_RESULTS */;
/*!40101 SET COLLATION_CONNECTION=@OLD_COLLATION_CONNECTION */;
/*!40111 SET SQL_NOTES=@OLD_SQL_NOTES */;

-- Dump completed on 2016-11-19 13:35:51
